objectid,title,creator,date,description,description,description,description,description,description,description,subject,subject,subject,subject,location,latitude,longitude,source,identifier,type,type,type,type,type,format,language,rights,rightsstatement,display_template,object_location,image_small,image_thumb,image_alt_text,object_transcript
nc_001,Main public library building - Detroit [graphic],"Gilbert, Cass, 1859-1934, architect",[between 1921 and 1930?],"Photograph shows view of Carnegie library in Detroit, Michigan.",Title from item.,"Includes advertisement for Berry Brothers, varnishes and paint specialties.",Library designed by Cass Gilbert.,,,,Detroit Public Library--Buildings--1920-1930.,Berry Brothers--Public relations--1920-1930.,Carnegie libraries--Michigan--Detroit--1920-1930.,Public libraries--Michigan--Detroit--1920-1930.,,,,,http://hdl.loc.gov/loc.pnp/ds.06560,still image,Advertisements 1920-1930,Advertisements 1920-1930. gmgpc,Architectural photographs 1920-1930.,Collotypes Hand-colored 1920-1930. ,,,No known restrictions on publication.,,,/objects/nc_001.jpg,/objects/smalls/nc_001.jpg,/objects/thumbs/nc_001_thumb.jpg,,
nc_002,"The Library of Congress, Washington [graphic]",Detroit Photographic Co.,c1902.,Copyright 1902 by Detroit Photographic Co.,Title from item.,Title on inventory list: Library of Congress.,Similar image in LOT 12659 (LC-USZC4-12221).,"Detroit Publishing Co. no. ""53209""",Forms part of: Photochrom Print Collection.,More information about the Photochrom Print Collection is available at http://hdl.loc.gov/loc.pnp/pp.pgz,"Library of Congress Thomas Jefferson Building (Washington, D.C.)",Libraries,,,United States Washington (D.C.).,,,,http://hdl.loc.gov/loc.pnp/ppmsca.18016,,,,,,,eng,No known restrictions on publication.,,,/objects/nc_002.jpg,/objects/smalls/nc_002.jpg,/objects/thumbs/nc_002_thumb.jpg,,
nc_003,"Cross section - Carnegie Library, 402 East Oklahoma Avenue, Guthrie, Logan County, OK Photos from Survey HABS OK-14 ","Historic American Buildings Survey, creator
Bennett, J. H.
Vandenburg, H. J.
New York Hardware Company
Lillie, F. B.
Wenner, Fred L.
Frantz, Frank
Haskell, Charles N.
Gryb, Barry R., field team
Takenaka, Howard M., field team
Haggard, John C., project manager
Barrett, William Edmund, photographer
Hnedak, John D., historian
Robbins, John C., delineator
Smith, Julian, delineator
Oklahoma Historical Society, sponsor",Documentation compiled after 1933,"Significance: This Second Renaissance Revival structure was the scene of numerous historic events: the inauguration of both the last of the territorial governors and the first Governor of Statehood Oklahoma. The second Carnegie library in Oklahoma, it grew from the efforts of the organizers of one of the earliest libraries in Oklahoma, to which it is successor. It is remarkable for the number of ways in which it diverges from Andrew Carnegie's ideas of what a library building should be.",,,,,,,Brick Buildings, Galleries & Museums,Libraries,Philanthropy,"Guthrie, Logan County, OK",,,Historic American Buildings Survey (Library of Congress),loc.gov/resource/hhh.ok0012.sheet/?sp=8&q=hhh.ok0012,image,,,,,,,No known restrictions on images made by the U.S. Government; images copied from other sources may be restricted. https://www.loc.gov/rr/print/res/114_habs.html,,,/objects/nc_003.tif,/objects/smalls/nc_003.tif,/objects/thumbs/nc_001_thumb.jpg,,
nc_004,For greater knowledge on more subjects use your library more often [graphic].,"Federal Art Project, sponsor",[between 1936 and 1941],"Poster showing a mortarboard and a pair of glasses superimposed over a globe, promoting use of libraries.",Work Projects Administration Poster Collection (Library of Congress).,Date stamped on verso: Jan 24 1941.,,,,,Libraries--Illinois--Chicago--1930-1950.,Education--Illinois--Chicago--1930-1950.,,,,,,,http://hdl.loc.gov/loc.pnp/cph.3f05183,still image,Posters 1930-1950.,Screen prints Color 1930-1950.,,,,,No known restrictions on publication.,,,/objects/nc_004.jpg,/objects/smalls/nc_004.jpg,/objects/thumbs/nc_001_thumb.jpg,,
nc_005,"Noyes Library for Young Children, Kensington, Maryland [graphic]","Highsmith, Carol M., 1946- photographer",2011 September.,"A charming one-room library, it is Montgomery County's oldest, and is now an historic landmark surrounded by old trees and turreted Victorian homes.","Title, date, subject note, and keywords provided by the photographer.","Credit line: Photographs in the Carol M. Highsmith Archive, Library of Congress, Prints and Photographs Division.",Carol M. Highsmith,Forms part of the Carol M. Highsmith Archive.,,,America. Libraries.,,,,United States Maryland Kensington.,,,,http://hdl.loc.gov/loc.pnp/highsm.20336,still image,Digital photographs Color 2010-2020.,,,,,eng,No known restrictions on publication.,,,/objects/nc_005.jpg,/objects/smalls/nc_005.jpg,/objects/thumbs/nc_001_thumb.jpg,,
